{"sections":{"image_banner":{"type":"image-banner","blocks":{"heading":{"type":"heading","settings":{"heading_size":"large"}},"text":{"type":"text","settings":{}},"button":{"type":"buttons","settings":{"button_label_1":"Shop all","button_link_1":"shopify:\/\/collections\/all","button_style_secondary_1":true,"button_label_2":""}}},"block_order":["heading","text","button"],"settings":{"image_overlay_opacity":40,"image_height":"large","desktop_content_position":"bottom-center","show_text_box":false,"stack_images_on_mobile":false,"show_text_below":false}},"rich_text":{"type":"rich-text","blocks":{"heading":{"type":"heading","settings":{}},"text":{"type":"text","settings":{}}},"block_order":["heading","text"],"settings":{"padding_top":40,"padding_bottom":0}},"featured_collection":{"type":"featured-collection","settings":{"title":"Featured products","collection":"all","products_to_show":8,"show_view_all":false,"show_secondary_image":true,"padding_top":28}},"collage":{"type":"collage","blocks":{"collection-0":{"type":"collection","settings":{}},"product":{"type":"product","settings":{}},"collection-1":{"type":"collection","settings":{}}},"block_order":["collection-0","product","collection-1"],"settings":{}},"video":{"type":"video","settings":{"heading":""}},"multicolumn":{"type":"multicolumn","blocks":{"column1":{"type":"column","settings":{}},"column2":{"type":"column","settings":{}},"column3":{"type":"column","settings":{}}},"block_order":["column1","column2","column3"],"settings":{"title":"","image_width":"third","column_alignment":"center","background_style":"none","button_label":""}}},"order":["image_banner","rich_text","featured_collection","collage","video","multicolumn"]}